year,state,log_cost,num_storms
2000,ALABAMA,5707.362716746016,937
2000,ARIZONA,490.0389228771963,249
2000,ARKANSAS,1685.872463247393,1135
2000,CALIFORNIA,1213.6002244866445,745
2000,COLORADO,472.0866171218039,1098
2000,CONNECTICUT,216.03454209274153,173
2000,DELAWARE,48.11656644478519,105
2000,FLORIDA,4614.294635072068,1176
2000,GEORGIA,5674.877535637844,1541
2000,IDAHO,381.2035956364463,214
2000,ILLINOIS,1424.3771184174961,1698
2000,INDIANA,2060.295415429521,1036
2000,IOWA,8865.513866427087,1917
2000,KANSAS,2151.8745741443713,2284
2000,KENTUCKY,2882.094810601345,1305
2000,LOUISIANA,3291.255927905699,694
2000,MAINE,218.83182013862074,726
2000,MARYLAND,1542.4007143992221,685
2000,MASSACHUSETTS,299.5570246970216,417
2000,MICHIGAN,3031.700856677566,1013
2000,MINNESOTA,1410.4752003738613,993
2000,MISSISSIPPI,5793.013966211602,912
2000,MISSOURI,2012.037994372366,1723
2000,MONTANA,592.4551702632563,977
2000,NEBRASKA,3597.088970334526,1463
2000,NEVADA,207.03469055274576,151
2000,NEW HAMPSHIRE,52.72090996799287,363
2000,NEW JERSEY,366.83900406522827,669
2000,NEW MEXICO,271.1436859354999,218
2000,NEW YORK,7538.9653036784175,1609
2000,NORTH CAROLINA,1019.4093561031322,1586
2000,NORTH DAKOTA,921.0287104597624,967
2000,OHIO,7570.723557790798,1364
2000,OKLAHOMA,3882.991941171089,1738
2000,OREGON,331.23598174132326,236
2000,PENNSYLVANIA,3979.2350270287216,1290
2000,RHODE ISLAND,47.33304402017059,84
2000,SOUTH CAROLINA,486.89944224309374,715
2000,SOUTH DAKOTA,1202.433046836556,1213
2000,TENNESSEE,2143.7391042952554,1047
2000,TEXAS,8982.862215829024,3396
2000,UTAH,347.0791921913917,181
2000,VERMONT,2381.6505688807447,304
2000,VIRGINIA,3719.623717096198,1585
2000,WASHINGTON,433.12947749807336,185
2000,WEST VIRGINIA,2323.355182294462,874
2000,WISCONSIN,3086.582417752807,1310
2000,WYOMING,255.73443328321673,346
2001,ALABAMA,4631.627676249664,755
2001,ARIZONA,410.2520509061036,254
2001,ARKANSAS,1679.8803013222089,1113
2001,CALIFORNIA,1104.7469183230614,1010
2001,COLORADO,787.5234957424145,995
2001,CONNECTICUT,191.81104492281668,145
2001,DELAWARE,75.75276626013182,71
2001,FLORIDA,4009.298861723146,1155
2001,GEORGIA,3379.0321793549606,1085
2001,IDAHO,84.32955361827212,270
2001,ILLINOIS,1075.7204724617936,1172
2001,INDIANA,1767.8167085056155,994
2001,IOWA,11599.601588143329,2220
2001,KANSAS,2337.833879635526,3279
2001,KENTUCKY,2101.350713697691,967
2001,LOUISIANA,3605.080850706666,632
2001,MAINE,127.13555429764716,579
2001,MARYLAND,1071.7846028129113,444
2001,MASSACHUSETTS,371.50017185885525,349
2001,MICHIGAN,3680.1131390206365,887
2001,MINNESOTA,3358.6302658167656,1762
2001,MISSISSIPPI,6339.510417368054,974
2001,MISSOURI,2434.5626869991875,1847
2001,MONTANA,261.54231900067134,1215
2001,NEBRASKA,3122.605180847585,1653
2001,NEVADA,124.28376513630307,133
2001,NEW HAMPSHIRE,118.89781316884014,339
2001,NEW JERSEY,238.44016574151377,452
2001,NEW MEXICO,320.0898587473085,203
2001,NEW YORK,3677.3640600907074,855
2001,NORTH CAROLINA,812.3809455830958,734
2001,NORTH DAKOTA,1248.415549463217,939
2001,OHIO,5126.531980166231,926
2001,OKLAHOMA,3419.5650878404344,2129
2001,OREGON,357.204581404832,308
2001,PENNSYLVANIA,2303.7407970315426,902
2001,RHODE ISLAND,104.42772846962748,57
2001,SOUTH CAROLINA,372.7659229940847,423
2001,SOUTH DAKOTA,854.1243562364848,1170
2001,TENNESSEE,2217.4202528026235,1021
2001,TEXAS,8447.981120657774,3228
2001,UTAH,408.89671648742564,186
2001,VERMONT,1843.5235432138843,300
2001,VIRGINIA,1864.8028562575241,902
2001,WASHINGTON,480.5179588479948,224
2001,WEST VIRGINIA,1818.1469404505854,673
2001,WISCONSIN,2343.406307247288,1289
2001,WYOMING,207.4294337769688,357
2002,ALABAMA,4027.848943431966,728
2002,ARIZONA,485.7839118054266,194
2002,ARKANSAS,1228.6162281386758,899
2002,CALIFORNIA,1489.0565407542522,764
2002,COLORADO,529.068890784499,892
2002,CONNECTICUT,315.9682525088852,136
2002,DELAWARE,55.89076155541602,99
2002,FLORIDA,2895.830059570744,846
2002,GEORGIA,5057.03952196541,1924
2002,IDAHO,129.95255656699698,332
2002,ILLINOIS,881.3933954582116,1300
2002,INDIANA,2473.7580184531375,1006
2002,IOWA,6028.393403684276,1374
2002,KANSAS,2723.0989978822445,3050
2002,KENTUCKY,2450.889250316955,1366
2002,LOUISIANA,3763.0070155609988,586
2002,MAINE,170.90303763465988,528
2002,MARYLAND,1349.2078322129491,438
2002,MASSACHUSETTS,1203.1829114292789,208
2002,MICHIGAN,1834.919080866036,1069
2002,MINNESOTA,1469.7477535295848,1550
2002,MISSISSIPPI,4951.411168215382,809
2002,MISSOURI,2817.2519378364145,1809
2002,MONTANA,342.14353714331264,1139
2002,NEBRASKA,2785.4217030848245,1265
2002,NEVADA,698.0066578571628,191
2002,NEW HAMPSHIRE,259.4612719953685,324
2002,NEW JERSEY,129.37687521908128,589
2002,NEW MEXICO,324.86318909358175,266
2002,NEW YORK,6236.577451776812,1193
2002,NORTH CAROLINA,2219.921583169435,1213
2002,NORTH DAKOTA,509.1528053750027,871
2002,OHIO,9847.101600418546,1495
2002,OKLAHOMA,1722.4513458615254,1572
2002,OREGON,199.98000379470625,373
2002,PENNSYLVANIA,3160.9683237268505,1257
2002,RHODE ISLAND,98.97263823843711,31
2002,SOUTH CAROLINA,1050.679013890411,636
2002,SOUTH DAKOTA,585.9378108651462,1246
2002,TENNESSEE,4626.489978852401,1187
2002,TEXAS,9862.670669564986,3547
2002,UTAH,517.3490925410516,251
2002,VERMONT,2030.936247305635,307
2002,VIRGINIA,3331.071616810264,1230
2002,WASHINGTON,357.07560799204595,211
2002,WEST VIRGINIA,1770.7671006494127,707
2002,WISCONSIN,1680.6343484104812,1137
2002,WYOMING,179.42879514501806,323
2003,ALABAMA,4759.658512575002,1125
2003,ARIZONA,619.4261260923399,256
2003,ARKANSAS,1469.9362515799835,1262
2003,CALIFORNIA,1846.6637449333612,631
2003,COLORADO,692.7673640379312,1100
2003,CONNECTICUT,171.96297128495343,129
2003,DELAWARE,498.4482603517224,172
2003,FLORIDA,2125.8442481918864,875
2003,GEORGIA,5316.774977235596,1749
2003,IDAHO,184.17519226509324,284
2003,ILLINOIS,2404.559077308218,1682
2003,INDIANA,1622.967904307797,1411
2003,IOWA,8923.17912290333,1574
2003,KANSAS,1864.4902478113324,2482
2003,KENTUCKY,2476.3197739650846,1440
2003,LOUISIANA,2364.661515309416,524
2003,MAINE,106.31671354666278,370
2003,MARYLAND,2362.5483037686063,783
2003,MASSACHUSETTS,1058.14797313658,255
2003,MICHIGAN,2674.6335368844934,1002
2003,MINNESOTA,529.499355270184,1025
2003,MISSISSIPPI,9371.602394919859,1196
2003,MISSOURI,1610.9605749722407,2404
2003,MONTANA,208.56968113626723,832
2003,NEBRASKA,2733.585203497838,1381
2003,NEVADA,115.06683359983639,162
2003,NEW HAMPSHIRE,110.6421564934798,156
2003,NEW JERSEY,1976.7651513271878,863
2003,NEW MEXICO,300.16154079435137,267
2003,NEW YORK,6018.027416381439,1093
2003,NORTH CAROLINA,3552.3883085308034,1933
2003,NORTH DAKOTA,342.70723847052136,557
2003,OHIO,9820.558867713265,1730
2003,OKLAHOMA,2762.8924859020576,1971
2003,OREGON,97.3523969977098,369
2003,PENNSYLVANIA,4937.895100148404,1571
2003,RHODE ISLAND,186.82736089265063,47
2003,SOUTH CAROLINA,1268.3627136064908,789
2003,SOUTH DAKOTA,809.1193489302889,1205
2003,TENNESSEE,5453.709759556439,1737
2003,TEXAS,8291.958521796185,3075
2003,UTAH,562.3727183566832,326
2003,VERMONT,1893.0162914743782,276
2003,VIRGINIA,4871.24524089163,2057
2003,WASHINGTON,654.4800603635497,258
2003,WEST VIRGINIA,3226.9231301650307,832
2003,WISCONSIN,782.1218542433592,663
2003,WYOMING,89.31043556191877,348
2004,ALABAMA,4085.5592874639688,830
2004,ARIZONA,391.7766003759597,271
2004,ARKANSAS,1238.34088027201,1016
2004,CALIFORNIA,1888.7987761573997,661
2004,COLORADO,411.90868191395117,1507
2004,CONNECTICUT,81.03869478491185,87
2004,DELAWARE,261.1437432671907,127
2004,FLORIDA,3881.5432801943266,1084
2004,GEORGIA,7489.904678093868,1708
2004,IDAHO,158.55325246656957,284
2004,ILLINOIS,1526.6968970546775,1586
2004,INDIANA,1716.2816379883798,1120
2004,IOWA,12288.446472581158,2311
2004,KANSAS,2354.4602112240605,3126
2004,KENTUCKY,2500.3928546246684,1534
2004,LOUISIANA,3068.0227767530832,635
2004,MAINE,552.4705308292444,231
2004,MARYLAND,1525.8675925391756,462
2004,MASSACHUSETTS,798.7457346330923,212
2004,MICHIGAN,2835.618729209052,1216
2004,MINNESOTA,1054.7666808788929,1483
2004,MISSISSIPPI,5536.583939958459,848
2004,MISSOURI,1729.7769008734163,1828
2004,MONTANA,163.2225127532825,655
2004,NEBRASKA,3746.8879744536594,1601
2004,NEVADA,29.93413608371425,191
2004,NEW HAMPSHIRE,496.80531262320426,137
2004,NEW JERSEY,1053.0957047940838,663
2004,NEW MEXICO,517.8997918359736,454
2004,NEW YORK,5253.810421716832,1106
2004,NORTH CAROLINA,3449.932791838416,1525
2004,NORTH DAKOTA,268.24210671812324,876
2004,OHIO,7623.820255139852,1441
2004,OKLAHOMA,2396.1741630350007,1890
2004,OREGON,226.91215671298386,388
2004,PENNSYLVANIA,4334.076606104685,1522
2004,RHODE ISLAND,72.98985778864773,31
2004,SOUTH CAROLINA,1451.1935014883463,771
2004,SOUTH DAKOTA,723.5540043800698,1299
2004,TENNESSEE,5608.146359302514,1268
2004,TEXAS,9119.058764609372,3973
2004,UTAH,567.8704150035007,200
2004,VERMONT,1306.42221040509,212
2004,VIRGINIA,2921.6082405262273,1067
2004,WASHINGTON,463.66003683614287,207
2004,WEST VIRGINIA,1486.85366431083,608
2004,WISCONSIN,2995.8376670499215,1174
2004,WYOMING,44.983924865636595,206
2005,ALABAMA,6587.982647735326,1317
2005,ARIZONA,808.8233991661602,329
2005,ARKANSAS,976.1079626905253,791
2005,CALIFORNIA,3488.8395338633127,991
2005,COLORADO,589.7441496336869,1548
2005,CONNECTICUT,462.7844940670549,215
2005,DELAWARE,194.60658506007726,109
2005,FLORIDA,2612.430974858974,852
2005,GEORGIA,6950.749331360093,2121
2005,IDAHO,288.86070334596616,217
2005,ILLINOIS,1340.786154037107,1243
2005,INDIANA,2526.4889032616566,1260
2005,IOWA,8517.145306629256,1513
2005,KANSAS,2963.02698574053,3074
2005,KENTUCKY,1592.2377057164485,799
2005,LOUISIANA,3855.2811454857583,681
2005,MAINE,931.9996469906405,520
2005,MARYLAND,495.9978275721591,406
2005,MASSACHUSETTS,3212.0150051056494,488
2005,MICHIGAN,3230.941470015571,1128
2005,MINNESOTA,965.2697347755171,1984
2005,MISSISSIPPI,8430.912090243131,1295
2005,MISSOURI,1749.7616558268878,1926
2005,MONTANA,465.5039138847458,1092
2005,NEBRASKA,3042.232696251387,1730
2005,NEVADA,240.6043282305154,199
2005,NEW HAMPSHIRE,1085.9177595433273,259
2005,NEW JERSEY,1499.3936760140762,748
2005,NEW MEXICO,524.4267723659365,381
2005,NEW YORK,7643.9802754611765,1498
2005,NORTH CAROLINA,2027.027542159158,1145
2005,NORTH DAKOTA,822.7315066052865,1144
2005,OHIO,7371.586330541048,1139
2005,OKLAHOMA,2288.3775754226162,1574
2005,OREGON,242.01995307815307,417
2005,PENNSYLVANIA,4416.008529287615,1474
2005,RHODE ISLAND,540.8695443937426,87
2005,SOUTH CAROLINA,780.1059820033464,685
2005,SOUTH DAKOTA,1447.9370512488588,1610
2005,TENNESSEE,4744.457020564357,1020
2005,TEXAS,5681.517728056937,3057
2005,UTAH,371.52944473504476,342
2005,VERMONT,3211.6407790149465,443
2005,VIRGINIA,1482.441074585825,1098
2005,WASHINGTON,414.21355785677656,212
2005,WEST VIRGINIA,1231.9923029125782,377
2005,WISCONSIN,2355.586530180614,1265
2005,WYOMING,146.78835692123485,284
2006,ALABAMA,3732.4766585275543,1025
2006,ARIZONA,918.697652092661,382
2006,ARKANSAS,2014.321438303161,1204
2006,CALIFORNIA,1731.2779902612006,710
2006,COLORADO,544.9325639321073,1306
2006,CONNECTICUT,477.34378152357334,194
2006,DELAWARE,608.9379117579457,145
2006,FLORIDA,1562.1364568194754,669
2006,GEORGIA,4769.61786883587,1261
2006,IDAHO,512.901233593425,360
2006,ILLINOIS,4079.570155702396,2398
2006,INDIANA,3765.741545963342,1576
2006,IOWA,7632.288825103564,1452
2006,KANSAS,2745.2460060716735,2658
2006,KENTUCKY,3753.0431239410523,1750
2006,LOUISIANA,2542.239535956709,579
2006,MAINE,659.5329682810022,532
2006,MARYLAND,2091.2974772396674,485
2006,MASSACHUSETTS,3088.90296862976,402
2006,MICHIGAN,3644.4610249125917,1259
2006,MINNESOTA,819.09134028894,1104
2006,MISSISSIPPI,4961.782981851587,913
2006,MISSOURI,4040.8654549338303,2531
2006,MONTANA,136.45288581533453,842
2006,NEBRASKA,3758.161791991347,1373
2006,NEVADA,239.1776460763402,198
2006,NEW HAMPSHIRE,616.3891227429292,256
2006,NEW JERSEY,2576.7547635262167,709
2006,NEW MEXICO,478.1263201717798,371
2006,NEW YORK,5066.654553221656,1234
2006,NORTH CAROLINA,2034.285841574628,1972
2006,NORTH DAKOTA,842.291596584779,711
2006,OHIO,6868.302333613625,1213
2006,OKLAHOMA,2103.0466984636632,1512
2006,OREGON,524.7179038103185,682
2006,PENNSYLVANIA,3513.147045447308,1170
2006,RHODE ISLAND,464.07935423916973,60
2006,SOUTH CAROLINA,1784.771025495947,1120
2006,SOUTH DAKOTA,525.8578831746346,1167
2006,TENNESSEE,7458.085601622314,1425
2006,TEXAS,7502.471119582791,2816
2006,UTAH,235.26524462050722,334
2006,VERMONT,2590.807130625291,345
2006,VIRGINIA,5334.257424067953,1320
2006,WASHINGTON,1447.3009348752848,382
2006,WEST VIRGINIA,1239.9946722588993,475
2006,WISCONSIN,3749.1590832198453,1459
2006,WYOMING,197.95622540862843,266
2007,ALABAMA,3139.725288507351,777
2007,ARIZONA,913.9440456297561,332
2007,ARKANSAS,2092.3753053858604,930
2007,CALIFORNIA,1397.1357791687058,618
2007,COLORADO,848.6671046952221,1517
2007,CONNECTICUT,62.98211569330296,140
2007,DELAWARE,359.4069080614376,146
2007,FLORIDA,1801.1384261835537,889
2007,GEORGIA,5902.277364162385,1326
2007,IDAHO,271.6847930261348,226
2007,ILLINOIS,2760.1740373793114,1915
2007,INDIANA,3355.4001543546065,1136
2007,IOWA,10493.956790405487,2317
2007,KANSAS,4397.358951928513,3082
2007,KENTUCKY,3494.040936668079,1247
2007,LOUISIANA,1813.6499645824235,454
2007,MAINE,636.4571987637512,720
2007,MARYLAND,1173.571979298599,575
2007,MASSACHUSETTS,595.812453777345,386
2007,MICHIGAN,4589.298823779132,1596
2007,MINNESOTA,950.7877895097715,1694
2007,MISSISSIPPI,3970.6541912849357,828
2007,MISSOURI,2695.8806498696345,1888
2007,MONTANA,436.8665842016347,1181
2007,NEBRASKA,4057.8639440100683,1687
2007,NEVADA,150.4720777301036,138
2007,NEW HAMPSHIRE,376.6231708768365,387
2007,NEW JERSEY,1758.8885406435645,811
2007,NEW MEXICO,546.0964748043272,526
2007,NEW YORK,5572.34975422731,1700
2007,NORTH CAROLINA,1744.6702914644027,1356
2007,NORTH DAKOTA,1268.9364119079955,899
2007,OHIO,6722.678428790495,1196
2007,OKLAHOMA,3788.9524162304792,1613
2007,OREGON,321.5854891126339,349
2007,PENNSYLVANIA,3429.442565698264,1564
2007,RHODE ISLAND,156.215823915985,39
2007,SOUTH CAROLINA,1341.05455892646,754
2007,SOUTH DAKOTA,698.4350033865779,1517
2007,TENNESSEE,3269.814488793885,682
2007,TEXAS,11829.327794044386,4573
2007,UTAH,264.8640613835506,282
2007,VERMONT,4046.137061807972,597
2007,VIRGINIA,4953.443577025769,1527
2007,WASHINGTON,1069.514182922117,240
2007,WEST VIRGINIA,1322.470017535586,661
2007,WISCONSIN,4398.718487046972,1699
2007,WYOMING,548.0312871836311,380
2008,ALABAMA,6672.3121759633195,1321
2008,ARIZONA,1077.8340132816609,393
2008,ARKANSAS,8291.286097102735,2047
2008,CALIFORNIA,2025.4542196980435,908
2008,COLORADO,863.5916784139869,1337
2008,CONNECTICUT,1108.5770122971448,302
2008,DELAWARE,458.6391817876597,133
2008,FLORIDA,2912.7956694448503,1071
2008,GEORGIA,7971.781881240107,1726
2008,IDAHO,268.3520137709759,345
2008,ILLINOIS,7835.718317383979,2854
2008,INDIANA,8241.942842866441,1925
2008,IOWA,15975.027638492924,3397
2008,KANSAS,4244.8637114500925,3481
2008,KENTUCKY,7914.540934518807,1962
2008,LOUISIANA,5299.837131076681,997
2008,MAINE,947.2429156561744,659
2008,MARYLAND,3408.892144197019,812
2008,MASSACHUSETTS,3720.707914440598,746
2008,MICHIGAN,2897.9359045065867,1644
2008,MINNESOTA,1582.033978254203,1871
2008,MISSISSIPPI,9576.220945194344,1807
2008,MISSOURI,5033.351793946938,2992
2008,MONTANA,447.2030583849638,1278
2008,NEBRASKA,4143.236973175815,1857
2008,NEVADA,404.2539800156965,294
2008,NEW HAMPSHIRE,875.1237419646743,382
2008,NEW JERSEY,2566.5986576814316,857
2008,NEW MEXICO,1124.8010038184461,535
2008,NEW YORK,9104.758975547811,2458
2008,NORTH CAROLINA,3169.8523490757107,2205
2008,NORTH DAKOTA,1373.1579178588154,1203
2008,OHIO,9856.16575529601,1568
2008,OKLAHOMA,3878.774222413958,2325
2008,OREGON,257.7516792814431,395
2008,PENNSYLVANIA,4146.058731475894,1368
2008,RHODE ISLAND,356.93630440728316,84
2008,SOUTH CAROLINA,2749.3433578809368,1402
2008,SOUTH DAKOTA,995.8408071241186,1861
2008,TENNESSEE,4550.0092293317775,1014
2008,TEXAS,9788.292221106585,3268
2008,UTAH,109.55924049357546,384
2008,VERMONT,3748.0685337978252,523
2008,VIRGINIA,7546.030772097502,1854
2008,WASHINGTON,754.8392259093928,390
2008,WEST VIRGINIA,2200.4596027832963,730
2008,WISCONSIN,3359.3331935850047,1837
2008,WYOMING,252.38368295035838,583
2009,ALABAMA,8770.223128786965,1738
2009,ARIZONA,1164.1747365260721,345
2009,ARKANSAS,9634.691761785834,1954
2009,CALIFORNIA,1585.8130516385152,666
2009,COLORADO,966.4714631834966,1653
2009,CONNECTICUT,1054.2929768469928,282
2009,DELAWARE,560.7977687153154,156
2009,FLORIDA,2012.2989187293144,916
2009,GEORGIA,8693.362551799297,1566
2009,IDAHO,314.2558043610422,267
2009,ILLINOIS,5346.4872493547955,1809
2009,INDIANA,2591.471996245859,1147
2009,IOWA,8259.760430853583,1851
2009,KANSAS,4360.842961667778,2871
2009,KENTUCKY,5949.479972849436,2079
2009,LOUISIANA,3445.914485509244,913
2009,MAINE,360.48943399548654,429
2009,MARYLAND,671.2696982778589,577
2009,MASSACHUSETTS,1000.6302383096403,315
2009,MICHIGAN,1006.6687657685322,731
2009,MINNESOTA,863.8258039577779,1024
2009,MISSISSIPPI,5035.693732789589,1219
2009,MISSOURI,3359.9718565294606,1873
2009,MONTANA,218.04178084493387,877
2009,NEBRASKA,2932.05006122678,1762
2009,NEVADA,310.58730932642925,174
2009,NEW HAMPSHIRE,197.1012514029826,164
2009,NEW JERSEY,2572.0481318830352,831
2009,NEW MEXICO,901.5100044642655,516
2009,NEW YORK,4435.96734878992,1408
2009,NORTH CAROLINA,3337.3984651136007,1818
2009,NORTH DAKOTA,1918.3424945937027,912
2009,OHIO,4336.389944656574,926
2009,OKLAHOMA,2240.8191653542494,1917
2009,OREGON,355.4029746332379,325
2009,PENNSYLVANIA,4022.1120533590783,1186
2009,RHODE ISLAND,52.8572941209234,35
2009,SOUTH CAROLINA,3316.406663253966,1011
2009,SOUTH DAKOTA,1583.288049617025,1521
2009,TENNESSEE,7504.5339196897285,1589
2009,TEXAS,12604.986488238943,4342
2009,UTAH,276.4013333631395,282
2009,VERMONT,1645.724204982791,302
2009,VIRGINIA,4096.4930917795355,1484
2009,WASHINGTON,774.1320011060834,287
2009,WEST VIRGINIA,2219.8753804062408,631
2009,WISCONSIN,1694.9196178645245,882
2009,WYOMING,658.805912949923,648
2010,ALABAMA,4922.53021660269,1096
2010,ARIZONA,1832.5567029628373,539
2010,ARKANSAS,4274.088085034513,1055
2010,CALIFORNIA,2516.5696967948325,835
2010,COLORADO,855.8780246208024,1600
2010,CONNECTICUT,1600.9956276119324,302
2010,DELAWARE,414.20038806090076,124
2010,FLORIDA,1320.3572123800272,673
2010,GEORGIA,4950.742097026848,1251
2010,IDAHO,595.8629649891503,306
2010,ILLINOIS,5947.97921460079,2109
2010,INDIANA,2840.2254653049417,1183
2010,IOWA,14897.64172414853,2874
2010,KANSAS,3146.9103451126903,2463
2010,KENTUCKY,4582.723323006971,2605
2010,LOUISIANA,1770.460703955923,527
2010,MAINE,317.90547769943566,419
2010,MARYLAND,2471.1373838434547,700
2010,MASSACHUSETTS,2978.4664551686997,459
2010,MICHIGAN,2452.9556723717774,832
2010,MINNESOTA,2727.9400201693134,1986
2010,MISSISSIPPI,5386.197264481163,1141
2010,MISSOURI,2854.2054638925015,2033
2010,MONTANA,615.3599384984302,1179
2010,NEBRASKA,2454.604931503179,1998
2010,NEVADA,665.469467467251,229
2010,NEW HAMPSHIRE,524.6399297089624,228
2010,NEW JERSEY,2452.812783471575,730
2010,NEW MEXICO,1112.239508623212,761
2010,NEW YORK,5233.5732067176605,1421
2010,NORTH CAROLINA,5512.379530786106,2228
2010,NORTH DAKOTA,2604.8437856629043,1420
2010,OHIO,7145.701403526729,1457
2010,OKLAHOMA,1580.4274029737562,1140
2010,OREGON,122.91415895143516,351
2010,PENNSYLVANIA,5687.290716580969,1191
2010,RHODE ISLAND,270.9508309417158,44
2010,SOUTH CAROLINA,4463.1443144467385,1134
2010,SOUTH DAKOTA,1944.8414494084311,1957
2010,TENNESSEE,5898.114015979953,1456
2010,TEXAS,6981.098785946132,2801
2010,UTAH,389.6396707931381,421
2010,VERMONT,2107.2206607308462,327
2010,VIRGINIA,9585.23365063023,2358
2010,WASHINGTON,798.7636668206458,299
2010,WEST VIRGINIA,2498.911832439997,674
2010,WISCONSIN,4108.5217031264965,1437
2010,WYOMING,647.8919689153954,966
2011,ALABAMA,11438.043399917484,2138
2011,ARIZONA,1934.7894459861407,439
2011,ARKANSAS,9800.404176494736,2251
2011,CALIFORNIA,2551.342380345491,774
2011,COLORADO,800.6491935009311,1509
2011,CONNECTICUT,905.1272299716326,275
2011,DELAWARE,586.2653944600867,169
2011,FLORIDA,2813.478921182736,1007
2011,GEORGIA,9264.683633365743,1959
2011,IDAHO,467.8423657514985,259
2011,ILLINOIS,7729.36466738164,2567
2011,INDIANA,4238.7835540444285,1731
2011,IOWA,8370.92587286543,1929
2011,KANSAS,3753.2508835484996,3272
2011,KENTUCKY,7123.0451790192365,2528
2011,LOUISIANA,4672.260275679006,898
2011,MAINE,178.9159134233681,660
2011,MARYLAND,2710.0624311539996,990
2011,MASSACHUSETTS,2127.633742345169,487
2011,MICHIGAN,2706.1035935177442,1246
2011,MINNESOTA,1835.830768154642,1457
2011,MISSISSIPPI,10156.361658077136,1663
2011,MISSOURI,4451.45288926968,2822
2011,MONTANA,379.7001589214584,1506
2011,NEBRASKA,3283.957979337979,2221
2011,NEVADA,650.3534383766491,178
2011,NEW HAMPSHIRE,910.2001452028413,348
2011,NEW JERSEY,2920.938214851811,956
2011,NEW MEXICO,424.4683669679563,564
2011,NEW YORK,7451.5257295412075,2113
2011,NORTH CAROLINA,5811.309506040129,2341
2011,NORTH DAKOTA,2635.0386161509145,1421
2011,OHIO,10795.651542637406,2213
2011,OKLAHOMA,2614.449653864319,2043
2011,OREGON,173.02482948480193,320
2011,PENNSYLVANIA,7710.7601021221735,1859
2011,RHODE ISLAND,185.14987368353488,51
2011,SOUTH CAROLINA,7458.016840154789,1684
2011,SOUTH DAKOTA,1549.5695943662422,1847
2011,TENNESSEE,8309.867436048387,1948
2011,TEXAS,9284.855363503788,3109
2011,UTAH,597.264515766339,354
2011,VERMONT,3361.7079514467137,560
2011,VIRGINIA,8814.672655386781,2433
2011,WASHINGTON,660.3107732370236,280
2011,WEST VIRGINIA,3517.178711544744,992
2011,WISCONSIN,3419.2551806828915,1457
2011,WYOMING,611.9336313932095,931
2012,ALABAMA,2917.043655538062,1263
2012,ARIZONA,1938.954915784374,464
2012,ARKANSAS,6140.022010063798,1205
2012,CALIFORNIA,2478.038011608548,824
2012,COLORADO,391.2633534130628,1015
2012,CONNECTICUT,838.8600981374017,244
2012,DELAWARE,768.2523373414397,148
2012,FLORIDA,3661.332074922504,1206
2012,GEORGIA,6160.549064346377,1297
2012,IDAHO,639.6775803506644,306
2012,ILLINOIS,2292.63147996037,1520
2012,INDIANA,2350.8490151110836,1348
2012,IOWA,4955.968247845778,1456
2012,KANSAS,1699.2616626907077,1812
2012,KENTUCKY,4571.188590836996,2033
2012,LOUISIANA,3800.331745519056,774
2012,MAINE,48.21279068305671,260
2012,MARYLAND,3045.0044240975626,917
2012,MASSACHUSETTS,1601.6488712364464,389
2012,MICHIGAN,1973.477988597875,936
2012,MINNESOTA,1673.0292477934324,1545
2012,MISSISSIPPI,6294.595837904389,1004
2012,MISSOURI,2099.086490189087,1378
2012,MONTANA,392.30065825851943,990
2012,NEBRASKA,1902.6898400597377,1300
2012,NEVADA,812.8744846708476,227
2012,NEW HAMPSHIRE,450.2059078154424,221
2012,NEW JERSEY,3491.0391005728243,788
2012,NEW MEXICO,525.1184836896396,602
2012,NEW YORK,6024.709173225359,1527
2012,NORTH CAROLINA,4087.8211608193205,1846
2012,NORTH DAKOTA,396.1407854749451,637
2012,OHIO,7752.194983458115,1735
2012,OKLAHOMA,1738.309766340743,1216
2012,OREGON,518.7025507433156,478
2012,PENNSYLVANIA,7442.2315950544535,1609
2012,RHODE ISLAND,325.95437199976095,86
2012,SOUTH CAROLINA,5206.6566501154575,1214
2012,SOUTH DAKOTA,637.2225120615623,1187
2012,TENNESSEE,4787.323180644855,1336
2012,TEXAS,8707.051072999882,3408
2012,UTAH,363.36232990503646,307
2012,VERMONT,1919.20801923846,350
2012,VIRGINIA,7171.39123312301,2082
2012,WASHINGTON,718.0318358810536,416
2012,WEST VIRGINIA,3650.4023025365573,851
2012,WISCONSIN,2188.693512960162,1114
2012,WYOMING,203.15699231950492,946
2013,ALABAMA,2275.9180279829757,884
2013,ARIZONA,1905.1645529982281,474
2013,ARKANSAS,5330.271543902308,1185
2013,CALIFORNIA,1810.7179379497118,656
2013,COLORADO,793.2899187479319,1298
2013,CONNECTICUT,624.7790303932258,187
2013,DELAWARE,285.3539977608699,129
2013,FLORIDA,2235.0465083770832,807
2013,GEORGIA,5602.165186735725,920
2013,IDAHO,362.02300123175394,267
2013,ILLINOIS,4258.664008238733,1712
2013,INDIANA,2874.709465956379,1175
2013,IOWA,7626.966530799362,1973
2013,KANSAS,1791.2246061395037,2339
2013,KENTUCKY,3556.4806049550252,1453
2013,LOUISIANA,2162.444569729997,553
2013,MAINE,352.3955428609113,564
2013,MARYLAND,644.8385272672526,586
2013,MASSACHUSETTS,1772.852945692657,433
2013,MICHIGAN,3356.2962061867192,1177
2013,MINNESOTA,1271.862818152302,1637
2013,MISSISSIPPI,3401.846795730461,655
2013,MISSOURI,2482.010508449276,1775
2013,MONTANA,559.3444495913312,1652
2013,NEBRASKA,1868.468779953969,1573
2013,NEVADA,747.060185629112,192
2013,NEW HAMPSHIRE,633.8081621385126,260
2013,NEW JERSEY,1721.4041823081627,715
2013,NEW MEXICO,1581.8254025098322,771
2013,NEW YORK,6956.971829793786,1647
2013,NORTH CAROLINA,3137.2211004486894,1229
2013,NORTH DAKOTA,916.7672813716415,1148
2013,OHIO,8705.744731404291,1766
2013,OKLAHOMA,2496.792944662891,1596
2013,OREGON,78.9712715392396,269
2013,PENNSYLVANIA,8090.323542195925,1755
2013,RHODE ISLAND,216.91758278402224,62
2013,SOUTH CAROLINA,4043.0744306899655,904
2013,SOUTH DAKOTA,2068.0196740833258,1536
2013,TENNESSEE,5368.744226351357,1121
2013,TEXAS,6507.582376252272,3287
2013,UTAH,656.7381531393227,410
2013,VERMONT,2216.803745975089,305
2013,VIRGINIA,2906.498682563733,1553
2013,WASHINGTON,650.7326960036119,229
2013,WEST VIRGINIA,2577.459894684989,753
2013,WISCONSIN,2585.9516850829323,1132
2013,WYOMING,615.6463729477688,1390
2014,ALABAMA,2034.5524200915722,825
2014,ARIZONA,1994.445172412138,492
2014,ARKANSAS,5246.307318085688,1235
2014,CALIFORNIA,2685.2179935699755,912
2014,COLORADO,618.4979220075661,1424
2014,CONNECTICUT,424.2693303666254,164
2014,DELAWARE,342.05440603097685,145
2014,FLORIDA,3592.901686082061,1090
2014,GEORGIA,4749.794341489816,1146
2014,IDAHO,511.3638269070023,381
2014,ILLINOIS,3234.2165127886506,1583
2014,INDIANA,2232.354813807954,1192
2014,IOWA,7413.6439836985655,2522
2014,KANSAS,1862.3547928946284,2397
2014,KENTUCKY,2977.9495824652295,1693
2014,LOUISIANA,1399.4929205911806,593
2014,MAINE,284.872511550039,382
2014,MARYLAND,899.25504414528,944
2014,MASSACHUSETTS,2546.4888697491847,507
2014,MICHIGAN,2450.9530595193373,1151
2014,MINNESOTA,1222.524996058044,1788
2014,MISSISSIPPI,4466.795731835635,899
2014,MISSOURI,1814.5146043841887,1559
2014,MONTANA,328.0215153263652,1271
2014,NEBRASKA,3624.259085334667,2066
2014,NEVADA,1224.4986462406866,270
2014,NEW HAMPSHIRE,476.56323241614734,261
2014,NEW JERSEY,1670.6590962779,846
2014,NEW MEXICO,1209.2968559043936,748
2014,NEW YORK,7010.9870574453425,1659
2014,NORTH CAROLINA,2908.2509255356717,1540
2014,NORTH DAKOTA,965.1232467895409,876
2014,OHIO,5345.175221618827,1451
2014,OKLAHOMA,956.4922163631887,861
2014,OREGON,278.9549764140913,341
2014,PENNSYLVANIA,5507.901546480251,1621
2014,RHODE ISLAND,123.9492720542878,48
2014,SOUTH CAROLINA,2383.613267499009,756
2014,SOUTH DAKOTA,692.144173974031,1322
2014,TENNESSEE,4168.359614244951,1133
2014,TEXAS,5965.813007012299,3256
2014,UTAH,588.8217100815847,308
2014,VERMONT,1389.147647317175,179
2014,VIRGINIA,3462.6950541958036,1836
2014,WASHINGTON,977.0036112450653,407
2014,WEST VIRGINIA,3414.8884494145723,1043
2014,WISCONSIN,1938.4962562484889,1245
2014,WYOMING,284.45199615591,1451
2015,ALABAMA,1409.8234531835417,868
2015,ARIZONA,1855.8595558585066,491
2015,ARKANSAS,2375.746714209408,1156
2015,CALIFORNIA,1825.456560652554,866
2015,COLORADO,670.1619619058048,1235
2015,CONNECTICUT,417.32933180919866,160
2015,DELAWARE,316.1704324462787,129
2015,FLORIDA,3066.09896088799,1119
2015,GEORGIA,4942.482284049783,1322
2015,IDAHO,355.00315277979485,347
2015,ILLINOIS,3331.105225341201,1661
2015,INDIANA,2480.7900553405425,1282
2015,IOWA,5932.758960280736,2092
2015,KANSAS,1723.339063357737,2021
2015,KENTUCKY,4876.713783386462,2304
2015,LOUISIANA,1804.1928883952546,645
2015,MAINE,75.58624548198583,431
2015,MARYLAND,1786.053984182153,825
2015,MASSACHUSETTS,2130.8007819750055,581
2015,MICHIGAN,1484.0250253613033,812
2015,MINNESOTA,601.7282980826074,1175
2015,MISSISSIPPI,4426.727476654508,791
2015,MISSOURI,3065.618252607759,2315
2015,MONTANA,322.3092100708611,773
2015,NEBRASKA,2146.9070349831063,1450
2015,NEVADA,870.6596550766378,234
2015,NEW HAMPSHIRE,83.5425484325517,182
2015,NEW JERSEY,1666.7172349419093,649
2015,NEW MEXICO,947.7993555362847,716
2015,NEW YORK,5401.697787912585,1143
2015,NORTH CAROLINA,3318.4798028610535,1315
2015,NORTH DAKOTA,501.7230372830036,809
2015,OHIO,5113.950124587894,1375
2015,OKLAHOMA,3269.504325330221,1760
2015,OREGON,673.5082260515321,330
2015,PENNSYLVANIA,5656.092940284252,1356
2015,RHODE ISLAND,361.3323964956851,109
2015,SOUTH CAROLINA,5829.301730059635,1229
2015,SOUTH DAKOTA,757.9263937762879,1677
2015,TENNESSEE,3340.2163781789923,1157
2015,TEXAS,10388.321464418856,4661
2015,UTAH,398.0995870871353,306
2015,VERMONT,1162.498257441373,203
2015,VIRGINIA,4327.098765426053,1677
2015,WASHINGTON,730.5705310338199,464
2015,WEST VIRGINIA,3254.6422619944574,810
2015,WISCONSIN,1757.4896850974,778
2015,WYOMING,375.01636970904127,1009
2016,ALABAMA,2067.6789977605567,678
2016,ARIZONA,1248.131472037699,407
2016,ARKANSAS,1200.7345348519857,731
2016,CALIFORNIA,1291.282741985321,1021
2016,COLORADO,324.94587719880815,1330
2016,CONNECTICUT,975.5113387367745,189
2016,DELAWARE,57.85240728335841,263
2016,FLORIDA,3212.4417040923936,963
2016,GEORGIA,3879.1194227748083,1026
2016,IDAHO,270.2929143704931,242
2016,ILLINOIS,3204.9455074094726,1302
2016,INDIANA,2476.184866076512,1022
2016,IOWA,3360.75529065188,1799
2016,KANSAS,1685.090489306456,2223
2016,KENTUCKY,3951.416949087569,1937
2016,LOUISIANA,2468.3734530867805,721
2016,MAINE,59.86726591739157,369
2016,MARYLAND,508.9623388928653,805
2016,MASSACHUSETTS,4328.145649936393,756
2016,MICHIGAN,1627.6245427589233,796
2016,MINNESOTA,1492.779423190254,1746
2016,MISSISSIPPI,7049.500281807905,1003
2016,MISSOURI,1870.2442710481505,1367
2016,MONTANA,253.32995340232458,944
2016,NEBRASKA,1665.6013120960213,1547
2016,NEVADA,490.9390766223613,167
2016,NEW HAMPSHIRE,30.380013309151078,163
2016,NEW JERSEY,501.175916190571,653
2016,NEW MEXICO,566.2686881607739,477
2016,NEW YORK,5610.961073026932,1137
2016,NORTH CAROLINA,5658.020836889602,1614
2016,NORTH DAKOTA,1178.344779491511,1084
2016,OHIO,4224.602356290872,1044
2016,OKLAHOMA,2302.5260083867693,1190
2016,OREGON,307.9922726755793,284
2016,PENNSYLVANIA,4116.468918016135,856
2016,RHODE ISLAND,733.90725719842,151
2016,SOUTH CAROLINA,2700.941954012882,1061
2016,SOUTH DAKOTA,557.1001230463969,1694
2016,TENNESSEE,5260.240537875065,1403
2016,TEXAS,6950.789228200822,3222
2016,UTAH,302.29298127216936,343
2016,VERMONT,1426.480147917767,207
2016,VIRGINIA,4670.649335289108,2182
2016,WASHINGTON,669.1944631677782,282
2016,WEST VIRGINIA,3045.079656297221,878
2016,WISCONSIN,2737.7822364681465,1102
2016,WYOMING,134.1476392004643,1599
2017,ALABAMA,2382.143304937145,1198
2017,ARIZONA,1419.530617408305,438
2017,ARKANSAS,2620.6566046884177,1028
2017,CALIFORNIA,3516.549618084089,1691
2017,COLORADO,431.08866590610546,1080
2017,CONNECTICUT,585.7837595713825,186
2017,DELAWARE,14.387371636790224,145
2017,FLORIDA,3301.5187549087777,1045
2017,GEORGIA,8007.493263426551,1469
2017,IDAHO,1559.0520778604098,492
2017,ILLINOIS,3821.12096008305,1648
2017,INDIANA,2687.7182642961243,942
2017,IOWA,3048.957255058091,1880
2017,KANSAS,1172.0029446712588,2138
2017,KENTUCKY,4376.461854450387,1300
2017,LOUISIANA,1807.9308629685813,740
2017,MAINE,120.2357636934393,361
2017,MARYLAND,216.70538119921545,807
2017,MASSACHUSETTS,3180.3938249262546,709
2017,MICHIGAN,2112.1500163437886,619
2017,MINNESOTA,1157.5240661643052,1298
2017,MISSISSIPPI,7069.742207868886,990
2017,MISSOURI,3849.1205507921795,2194
2017,MONTANA,197.8418767973017,850
2017,NEBRASKA,1554.5279603725862,1539
2017,NEVADA,510.5261879347863,244
2017,NEW HAMPSHIRE,587.8737263589063,294
2017,NEW JERSEY,423.60510511521824,585
2017,NEW MEXICO,744.562549373215,734
2017,NEW YORK,10089.209806185858,1906
2017,NORTH CAROLINA,3498.2849183078447,1177
2017,NORTH DAKOTA,778.1748408528682,720
2017,OHIO,6098.42783619635,1473
2017,OKLAHOMA,2707.657754210119,1590
2017,OREGON,178.9467807795997,344
2017,PENNSYLVANIA,6234.330148437405,1492
2017,RHODE ISLAND,186.8954930704939,68
2017,SOUTH CAROLINA,1803.9853928804007,886
2017,SOUTH DAKOTA,108.2730439831074,1285
2017,TENNESSEE,5502.475884375035,1357
2017,TEXAS,7332.27224633757,3384
2017,UTAH,462.3360913829126,258
2017,VERMONT,2230.482160245168,340
2017,VIRGINIA,3162.05792432248,1547
2017,WASHINGTON,865.225849575503,525
2017,WEST VIRGINIA,2178.99435999448,611
2017,WISCONSIN,4179.0615068040615,1322
2017,WYOMING,151.23436556376188,1634
2019,ALABAMA,1408.3520354175082,1022
2019,ARIZONA,1652.7724495606328,465
2019,ARKANSAS,2040.5470833567265,1025
2019,CALIFORNIA,2452.4645866081282,2454
2019,COLORADO,298.95877224893474,1681
2019,CONNECTICUT,780.7491440660056,208
2019,DELAWARE,0.0,130
2019,FLORIDA,1840.6976644092726,845
2019,GEORGIA,4297.022181385355,931
2019,IDAHO,441.981047002377,559
2019,ILLINOIS,2326.9144870383107,1995
2019,INDIANA,3682.3540038440824,1412
2019,IOWA,3450.617907259915,2175
2019,KANSAS,1841.5654698357446,2656
2019,KENTUCKY,4641.466836448,1380
2019,LOUISIANA,2130.041632298859,663
2019,MAINE,75.51632934935661,313
2019,MARYLAND,434.51041002548834,1080
2019,MASSACHUSETTS,3474.3582132467723,846
2019,MICHIGAN,2604.997981212032,1018
2019,MINNESOTA,1995.2529956640378,2094
2019,MISSISSIPPI,7939.174884224782,1020
2019,MISSOURI,3707.36398859822,2117
2019,MONTANA,120.52578318415082,1297
2019,NEBRASKA,2386.3634001102682,2055
2019,NEVADA,234.7760940148238,283
2019,NEW HAMPSHIRE,53.229452843446275,128
2019,NEW JERSEY,489.53340507824873,866
2019,NEW MEXICO,634.037492689297,734
2019,NEW YORK,9688.00077749755,2322
2019,NORTH CAROLINA,5192.229193710872,1379
2019,NORTH DAKOTA,653.6668788800911,1095
2019,OHIO,8189.454539879887,2205
2019,OKLAHOMA,3348.0220834690276,1670
2019,OREGON,367.3331888506019,271
2019,PENNSYLVANIA,6768.233822231645,2395
2019,RHODE ISLAND,390.99405987923774,92
2019,SOUTH CAROLINA,1435.086957726125,801
2019,SOUTH DAKOTA,3109.0763620413195,2460
2019,TENNESSEE,3974.76250245229,1022
2019,TEXAS,6616.108229727476,3492
2019,UTAH,53.226219937937664,339
2019,VERMONT,2332.4811682296754,308
2019,VIRGINIA,5915.6421289438385,2288
2019,WASHINGTON,447.9931284460801,405
2019,WEST VIRGINIA,3095.100375910987,919
2019,WISCONSIN,3608.508245373185,1511
2019,WYOMING,138.09609636263286,1090
2020,ALABAMA,2091.0877679246437,1341
2020,ARIZONA,707.4073451973617,224
2020,ARKANSAS,1958.9778275093702,1073
2020,CALIFORNIA,842.9275881957232,1345
2020,COLORADO,171.90158448322433,1620
2020,CONNECTICUT,1029.1602721494821,223
2020,DELAWARE,0.0,182
2020,FLORIDA,2164.1882723030976,1194
2020,GEORGIA,6273.241537224345,1524
2020,IDAHO,323.27366743097645,445
2020,ILLINOIS,2434.2237083056802,1707
2020,INDIANA,2452.8448958141803,918
2020,IOWA,558.2381781010514,1378
2020,KANSAS,950.5125765837614,1734
2020,KENTUCKY,3756.755574146337,1236
2020,LOUISIANA,3292.2400261171583,752
2020,MAINE,110.26258177547531,362
2020,MARYLAND,2976.790743451363,1064
2020,MASSACHUSETTS,4243.859466719568,834
2020,MICHIGAN,2675.792570888462,800
2020,MINNESOTA,1162.5039594867221,1573
2020,MISSISSIPPI,7787.0578526500185,1028
2020,MISSOURI,2473.8683631023046,1476
2020,MONTANA,359.7800444369107,1295
2020,NEBRASKA,950.215720250801,1572
2020,NEVADA,137.56457347920053,260
2020,NEW HAMPSHIRE,153.34220135318952,218
2020,NEW JERSEY,391.6249053841306,945
2020,NEW MEXICO,401.3568329705075,388
2020,NEW YORK,7155.451197926987,1850
2020,NORTH CAROLINA,5918.65073452324,1646
2020,NORTH DAKOTA,706.7990842367836,916
2020,OHIO,6598.228906627613,1820
2020,OKLAHOMA,2223.906356150823,1453
2020,OREGON,238.87864471990687,266
2020,PENNSYLVANIA,6013.003388492595,1942
2020,RHODE ISLAND,456.7278109392237,94
2020,SOUTH CAROLINA,1918.77733844605,824
2020,SOUTH DAKOTA,651.4509299121628,2093
2020,TENNESSEE,3394.495831192101,1110
2020,TEXAS,5158.0658829223385,2906
2020,UTAH,46.04830775485773,240
2020,VERMONT,1319.0229160195597,211
2020,VIRGINIA,6506.752453940956,2338
2020,WASHINGTON,505.7883070995654,421
2020,WEST VIRGINIA,3415.626007812909,909
2020,WISCONSIN,2206.5888404722546,958
2020,WYOMING,32.64382207013585,993
2021,ALABAMA,1764.0058682775218,1053
2021,ARIZONA,2816.4779723116176,832
2021,ARKANSAS,976.9757185351933,799
2021,CALIFORNIA,1619.0685357425507,1531
2021,COLORADO,937.7053915187655,1190
2021,CONNECTICUT,943.8748862908177,279
2021,DELAWARE,0.0,84
2021,FLORIDA,1749.6831834760578,857
2021,GEORGIA,2748.2006337492326,764
2021,IDAHO,379.8274584232331,250
2021,ILLINOIS,1077.796122100241,1321
2021,INDIANA,2403.0167333767745,868
2021,IOWA,576.2229891227726,1025
2021,KANSAS,792.5878824769726,1636
2021,KENTUCKY,2392.840020133537,1380
2021,LOUISIANA,2391.8232506645422,616
2021,MAINE,139.48563593999765,215
2021,MARYLAND,3808.229416753757,1047
2021,MASSACHUSETTS,2706.753193594872,539
2021,MICHIGAN,2134.2738818668654,771
2021,MINNESOTA,836.6824724531432,931
2021,MISSISSIPPI,6925.0569166720825,1053
2021,MISSOURI,2160.9124000715933,1388
2021,MONTANA,264.8858910332783,1008
2021,NEBRASKA,829.7649515885705,1167
2021,NEVADA,311.5151678626372,301
2021,NEW HAMPSHIRE,398.10352751730005,192
2021,NEW JERSEY,372.8060898380119,882
2021,NEW MEXICO,1031.5485968804314,536
2021,NEW YORK,7175.995009661613,2012
2021,NORTH CAROLINA,2195.1106927213937,861
2021,NORTH DAKOTA,870.7626357606492,740
2021,OHIO,2555.558125292865,1015
2021,OKLAHOMA,995.071087867747,864
2021,OREGON,138.21096995272455,186
2021,PENNSYLVANIA,6012.351587007346,2196
2021,RHODE ISLAND,359.3007919372077,67
2021,SOUTH CAROLINA,644.0265358169855,404
2021,SOUTH DAKOTA,343.1955002097275,1306
2021,TENNESSEE,2537.852158084578,1024
2021,TEXAS,5835.952723607514,3544
2021,UTAH,746.9221917516319,370
2021,VERMONT,1499.945121537865,266
2021,VIRGINIA,8518.976759175957,2275
2021,WASHINGTON,513.2484880961144,207
2021,WEST VIRGINIA,3511.7813075907443,836
2021,WISCONSIN,1261.7144817945605,851
2021,WYOMING,96.76368583270555,698
